genre_bucket,track_count,matched_track_count,total_streams,avg_streams,median_streams,avg_popularity,median_popularity,avg_bpm,avg_danceability,avg_valence,avg_energy,avg_acousticness,avg_instrumentalness,avg_liveness,avg_speechiness,track_share,streams_share
Other,920,9,462370639348.0,503123655.43852013,286400165.0,58.55555555555556,66.0,122.65326086956522,66.86304347826086,51.345652173913045,64.00978260869566,27.440217391304348,1.4293478260869565,18.105434782608697,10.189130434782609,0.9714889123548046,0.949918482459891
Electronic/Dance,12,12,17905172336.0,1492097694.6666667,1213101912.0,75.83333333333333,74.0,118.83333333333333,67.66666666666667,58.833333333333336,74.08333333333333,17.166666666666668,1.0833333333333333,22.333333333333332,10.583333333333334,0.012671594508975714,0.03678532477230815
Rock,2,2,3269700761.0,1634850380.5,1634850380.5,75.0,75.0,145.5,61.0,54.0,71.0,8.0,22.0,16.5,16.0,0.0021119324181626186,0.0067174446659650465
Reggae,2,2,1067687375.0,533843687.5,533843687.5,68.0,68.0,95.0,82.5,54.0,73.5,8.0,0.0,6.0,14.0,0.0021119324181626186,0.0021935129194876105
Popular/Pop,6,6,787151583.0,131191930.5,126466056.0,69.66666666666667,70.0,120.83333333333333,79.66666666666667,50.833333333333336,67.83333333333333,27.333333333333332,4.0,13.166666666666666,4.833333333333333,0.006335797254487857,0.001617165480584262
Country,2,2,524873176.0,262436588.0,262436588.0,79.5,79.5,109.0,72.0,65.5,72.5,22.0,0.0,36.5,3.0,0.0021119324181626186,0.0010783269706158083
Folk/Bluegrass,1,1,399686758.0,399686758.0,399686758.0,65.0,65.0,143.0,56.0,39.0,55.0,14.0,0.0,11.0,13.0,0.0010559662090813093,0.0008211374302530439
Blues,1,1,370068639.0,370068639.0,370068639.0,74.0,74.0,82.0,47.0,44.0,76.0,8.0,91.0,9.0,3.0,0.0010559662090813093,0.0007602884137725208
Holiday/Children/Novelty,1,1,52722996.0,52722996.0,52722996.0,68.0,68.0,106.0,73.0,22.0,86.0,31.0,0.0,12.0,4.0,0.0010559662090813093,0.00010831688712259393
